{
    "foreground_intensity_properties_per_channel": {
        "0": {
            "max": 902.0,
            "mean": 116.24522399902344,
            "median": 114.0,
            "min": -1017.9999389648438,
            "percentile_00_5": -50.00011444091797,
            "percentile_99_5": 256.0,
            "std": 45.103912353515625
        }
    },
    "median_relative_size_after_cropping": 1.0,
    "shapes_after_crop": [
        [
            953,
            512,
            512
        ],
        [
            807,
            512,
            512
        ],
        [
            579,
            512,
            512
        ],
        [
            925,
            512,
            512
        ],
        [
            1010,
            512,
            512
        ],
        [
            959,
            512,
            512
        ],
        [
            891,
            512,
            512
        ],
        [
            1021,
            512,
            512
        ],
        [
            607,
            512,
            512
        ],
        [
            933,
            512,
            512
        ],
        [
            1010,
            512,
            512
        ],
        [
            1090,
            512,
            512
        ],
        [
            963,
            512,
            512
        ],
        [
            998,
            512,
            512
        ],
        [
            618,
            512,
            512
        ],
        [
            1036,
            512,
            512
        ],
        [
            605,
            512,
            512
        ],
        [
            867,
            512,
            512
        ],
        [
            1073,
            512,
            512
        ],
        [
            887,
            512,
            512
        ]
    ],
    "spacings": [
        [
            1.0,
            0.9631797075271606,
            0.9631797075271606
        ],
        [
            1.0,
            0.9765625,
            0.9765625
        ],
        [
            1.0,
            0.97607421875,
            0.97607421875
        ],
        [
            1.0,
            0.9447656273841858,
            0.9447656273841858
        ],
        [
            1.0,
            0.9339609146118164,
            0.9339609146118164
        ],
        [
            0.699999988079071,
            0.9736445546150208,
            0.9736445546150208
        ],
        [
            1.0,
            0.9765625,
            0.9765625
        ],
        [
            1.0,
            0.9765507578849792,
            0.9765507578849792
        ],
        [
            1.0,
            0.9620234370231628,
            0.9620234370231628
        ],
        [
            1.0,
            0.9761835932731628,
            0.9761835932731628
        ],
        [
            1.0,
            0.8953672051429749,
            0.8953672051429749
        ],
        [
            0.6000000238418579,
            0.8203125,
            0.8203125
        ],
        [
            1.0,
            0.8490546941757202,
            0.8490546941757202
        ],
        [
            1.0,
            0.9507656097412109,
            0.9507656097412109
        ],
        [
            0.699999988079071,
            0.9765625,
            0.9765625
        ],
        [
            1.0,
            0.9686601758003235,
            0.9686601758003235
        ],
        [
            1.0,
            0.900515615940094,
            0.900515615940094
        ],
        [
            0.699999988079071,
            0.9765625,
            0.9765625
        ],
        [
            1.0,
            0.9360898733139038,
            0.9360898733139038
        ],
        [
            0.699999988079071,
            0.8171288967132568,
            0.8171288967132568
        ]
    ]
}